,DT_B,RF_B
DT_B,0.9999999999999999,-0.12440967283072546
RF_B,-0.12440967283072546,0.9999999999999999
