Model,RMSE,MAE,R2,sMAPE,MedAE,N,Track
RF_B,26.062266867169466,22.410827091960204,-0.463797136617238,48.07164915138914,21.922042847505757,5475,B
DT_B,60.8277711266761,56.15817900790869,-6.973707946637072,83.73873905500359,60.37766666666667,5475,B
