Model,RMSE,MAE,R2,sMAPE,MedAE,N,Track
RF_B,39.15236405412132,37.097628128826585,-6.216282907058901,107.9397175449061,38.525340159548406,11281,B
DT_B,70.62172472380612,66.13893044906688,-22.47870882047735,130.50604794283603,69.58766666666666,11281,B
