{
  "ElasticNet": {
    "alpha": 0.0025149739891355267,
    "l1_ratio": 0.6196133032279139
  },
  "DT": {
    "max_depth": 19,
    "min_samples_split": 92,
    "min_samples_leaf": 5,
    "max_features": null
  },
  "XGBoost_B": {
    "max_depth": 6,
    "learning_rate": 0.022541362056228517,
    "subsample": 0.8068038186742492,
    "colsample_bytree": 0.62992705501847,
    "min_child_weight": 5,
    "reg_alpha": 0.9129558361017494,
    "reg_lambda": 0.2695193190205859,
    "gamma": 2.0430587221876295
  },
  "XGBoost": {
    "max_depth": 10,
    "learning_rate": 0.038115546290882325,
    "subsample": 0.9969367167344763,
    "colsample_bytree": 0.6212868912087954,
    "min_child_weight": 7,
    "reg_alpha": 0.2506670738962993,
    "reg_lambda": 0.0015336088980101282,
    "gamma": 2.176319215209211
  },
  "LightGBM": {
    "num_leaves": 224,
    "max_depth": 14,
    "learning_rate": 0.018197530081943827,
    "min_child_samples": 16,
    "subsample": 0.6223752669714424,
    "colsample_bytree": 0.934206664328793,
    "reg_alpha": 0.7836491821199218,
    "reg_lambda": 0.12394556236589166,
    "min_split_gain": 0.10264442098060884
  },
  "ANN": {
    "n_layers": 3,
    "n_units_l0": 128,
    "n_units_l1": 32,
    "n_units_l2": 128,
    "learning_rate_init": 0.001131750629852852,
    "alpha": 0.0014640375861567235,
    "batch_size": 128
  },
  "RF": {
    "max_depth": 30,
    "min_samples_split": 13,
    "min_samples_leaf": 5,
    "max_features": 0.5,
    "bootstrap": false
  }
}