{
  "feature_names": [
    "day_of_week",
    "month",
    "is_weekend",
    "season_encoded",
    "is_heating_season",
    "HDD_SIA_daily",
    "HDD_SIA_rolling_7d",
    "CDD_US_daily",
    "Humidity_avg_daily",
    "Precipitation_total_daily",
    "temp_avg_rolling_7d",
    "building_type_house",
    "hp_type_air_source",
    "hp_type_unknown",
    "dhw_hp",
    "dhw_ewh",
    "dhw_solar",
    "dhw_combined",
    "heat_dist_floor",
    "heat_dist_radiator",
    "heat_dist_both",
    "has_pv",
    "has_ev",
    "has_dryer",
    "has_freezer",
    "Survey_Building_LivingArea",
    "Survey_Building_Residents",
    "has_reactive_energy",
    "Survey_Building_LivingArea_imputed",
    "Survey_Building_Residents_imputed"
  ],
  "mean": [
    2.9983505039782874,
    6.273051939008878,
    0.28552219082781183,
    1.4203785485053957,
    0.6079615262016099,
    8.587430020208648,
    59.98841538518673,
    0.4550780029028654,
    76.5125900955965,
    2.593762398299131,
    10.383846428575113,
    0.9793534470753167,
    0.5700741808998883,
    0.002546970405008526,
    0.6094346220859161,
    0.31310714915714777,
    0.053136672969618944,
    0.002341170244701033,
    0.6862027239894902,
    0.1853346496290955,
    0.09614890647388505,
    0.3702406778716859,
    0.23097586412856785,
    0.7809063872323437,
    0.9054464316109047,
    190.61193207666287,
    2.873892470189924,
    0.6125912561237153,
    0.026359441585249235,
    0.01652126550077523
  ],
  "scale": [
    1.999901833095072,
    3.470211977933038,
    0.45166278280670685,
    1.0994254372146723,
    0.48820519134910795,
    7.795674690731846,
    51.13145030964938,
    1.334637644058818,
    12.201378456906568,
    5.492275949831218,
    6.742491720025842,
    0.14219800553106074,
    0.4950652574875455,
    0.050403207703126764,
    0.4878770987542997,
    0.4637575468969011,
    0.22430596727536856,
    0.048328968192858826,
    0.4640350693416325,
    0.388568806359898,
    0.29479534300555216,
    0.4828690488329112,
    0.4214570136071165,
    0.41363220572396503,
    0.29259731901366437,
    67.89784438064022,
    1.1090432900906009,
    0.48715829977994207,
    0.16020181467312744,
    0.127468871835551
  ],
  "fit_on": "train_full.parquet",
  "fit_rows": 646258
}