{
  "feature_names": [
    "day_of_week",
    "month",
    "is_weekend",
    "season_encoded",
    "is_heating_season",
    "HDD_SIA_daily",
    "HDD_SIA_rolling_7d",
    "CDD_US_daily",
    "Humidity_avg_daily",
    "Precipitation_total_daily",
    "temp_avg_rolling_7d",
    "building_type_house",
    "hp_type_air_source",
    "hp_type_unknown",
    "dhw_hp",
    "dhw_ewh",
    "dhw_solar",
    "dhw_combined",
    "heat_dist_floor",
    "heat_dist_radiator",
    "heat_dist_both",
    "has_pv",
    "has_ev",
    "has_dryer",
    "has_freezer",
    "Survey_Building_LivingArea",
    "Survey_Building_Residents",
    "has_reactive_energy",
    "Survey_Building_LivingArea_imputed",
    "Survey_Building_Residents_imputed",
    "building_age",
    "building_age_bucket_encoded",
    "renovation_score",
    "hp_age",
    "hp_capacity_per_area",
    "heating_curve_gradient_full",
    "heating_curve_nonlinearity",
    "heating_curve_too_high",
    "heating_limit_too_high",
    "night_setback_active_before",
    "descaling_needed",
    "pipes_not_insulated",
    "hp_correctly_planned",
    "hp_age_imputed",
    "building_age_imputed",
    "hp_capacity_per_area_imputed"
  ],
  "mean": [
    2.998878553994327,
    6.2129922818127845,
    0.2855564351210502,
    1.431509334388812,
    0.5985058381159707,
    8.572874200145128,
    59.786631703938255,
    0.4589963058249225,
    76.4616886008312,
    2.749308991358269,
    10.372511607123226,
    0.8636453591925589,
    0.5580018470875387,
    0.02714559007850122,
    0.5455669899069859,
    0.26413351804208723,
    0.04152648591595752,
    0.012170987532159113,
    0.5386569034896761,
    0.19653341249422784,
    0.07523583349825186,
    0.3106570354245003,
    0.16074609143083315,
    0.5953888778943202,
    0.8069298766409394,
    178.91602348439872,
    2.640081799591002,
    0.5158651626096709,
    0.15090045517514347,
    0.15223629527013655,
    38.28146645557095,
    1.182680255953559,
    0.8014051058776964,
    8.703179629263143,
    0.05518862870286514,
    0.7432713239659609,
    -0.08656177848143018,
    0.6675902104360446,
    0.30716076258328384,
    0.345355894188271,
    0.1758031532422983,
    0.09947885744442246,
    0.8177650240781054,
    0.3562735008905601,
    0.06357609340985552,
    0.042004749653671083
  ],
  "scale": [
    1.9996863157827998,
    3.4328301620824586,
    0.45167904255345703,
    1.093209873774124,
    0.4902005710493106,
    7.850080801069019,
    51.42786317849003,
    1.350982144974116,
    12.103767727614855,
    5.845360061315459,
    6.772493569270064,
    0.34316476033782206,
    0.4966243909983014,
    0.16250755987889054,
    0.4979193202023965,
    0.44087073240213803,
    0.1995044783543199,
    0.10964877835457697,
    0.4985034040130417,
    0.39737643396105105,
    0.26377149742926204,
    0.46276261923988743,
    0.367296590673727,
    0.4908166276462753,
    0.39470755101109706,
    52.86675482702468,
    0.9890483591195746,
    0.49974823322886175,
    0.35795182329899927,
    0.3592497817293148,
    17.578163727450924,
    0.8335026954173967,
    0.9592986913555206,
    6.998461172738114,
    0.02037610797549673,
    0.2566200609796592,
    0.33136828193458306,
    0.4710769802972783,
    0.46131662501208365,
    0.47548417485515826,
    0.3806526035013596,
    0.2993038829784451,
    0.38603806738797286,
    0.4788973725692637,
    0.24399625766924551,
    0.20059997672034635
  ],
  "fit_on": "train_protocol.parquet",
  "fit_rows": 60636
}